<?xml version="1.0" encoding="UTF-8"?>
<mesh>
    <sharedgeometry vertexcount="304">
        <vertexbuffer normals="true" positions="true" texture_coords="1" colours_diffuse="False">
            <vertex>
                <position y="0.454439" z="-1.600005" x="-1.600007"/>
                <normal y="0.000000" z="-0.000000" x="-1.000000"/>
                <texcoord v="1.000000" u="0.000000"/>
            </vertex>
            <vertex>
                <position y="-0.403065" z="-1.600005" x="-1.600007"/>
                <normal y="0.000000" z="-0.000000" x="-1.000000"/>
                <texcoord v="1.000000" u="0.000000"/>
            </vertex>
            <vertex>
                <position y="-0.403065" z="1.599995" x="-1.600007"/>
                <normal y="0.000000" z="-0.000000" x="-1.000000"/>
                <texcoord v="1.000000" u="0.000000"/>
            </vertex>
            <vertex>
                <position y="0.454439" z="1.599995" x="-1.600007"/>
                <normal y="0.000000" z="-0.000000" x="-1.000000"/>
                <texcoord v="1.000000" u="0.000000"/>
            </vertex>
            <vertex>
                <position y="-0.403065" z="-1.600005" x="-1.600007"/>
                <normal y="-1.000000" z="-0.000000" x="0.000000"/>
                <texcoord v="0.553700" u="0.446300"/>
            </vertex>
            <vertex>
                <position y="-0.403065" z="-1.600005" x="-0.000008"/>
                <normal y="-1.000000" z="-0.000000" x="0.000000"/>
                <texcoord v="0.553700" u="0.223400"/>
            </vertex>
            <vertex>
                <position y="-0.403065" z="-0.000004" x="-0.000008"/>
                <normal y="-1.000000" z="-0.000000" x="0.000000"/>
                <texcoord v="0.776600" u="0.223400"/>
            </vertex>
            <vertex>
                <position y="-0.403065" z="-0.000004" x="-1.600007"/>
                <normal y="-1.000000" z="-0.000000" x="0.000000"/>
                <texcoord v="0.776600" u="0.446300"/>
            </vertex>
            <vertex>
                <position y="-0.563065" z="-0.160004" x="1.199992"/>
                <normal y="-0.630238" z="0.776360" x="0.000000"/>
                <texcoord v="0.123100" u="0.601000"/>
            </vertex>
            <vertex>
                <position y="-0.403065" z="-0.160004" x="1.199992"/>
                <normal y="0.000000" z="1.000000" x="0.000000"/>
                <texcoord v="0.148200" u="0.612900"/>
            </vertex>
            <vertex>
                <position y="-0.403065" z="-0.230298" x="1.030287"/>
                <normal y="0.000000" z="0.707083" x="-0.707083"/>
                <texcoord v="0.119900" u="0.641200"/>
            </vertex>
            <vertex>
                <position y="-0.563065" z="-0.230298" x="1.030287"/>
                <normal y="-0.630238" z="0.548967" x="-0.548967"/>
                <texcoord v="0.110600" u="0.615000"/>
            </vertex>
            <vertex>
                <position y="-0.563065" z="-0.400005" x="1.439993"/>
                <normal y="-0.630238" z="-0.000000" x="0.776360"/>
                <texcoord v="0.108000" u="0.569600"/>
            </vertex>
            <vertex>
                <position y="-0.403065" z="-0.400005" x="1.439993"/>
                <normal y="0.000000" z="-0.000000" x="1.000000"/>
                <texcoord v="0.119900" u="0.544600"/>
            </vertex>
            <vertex>
                <position y="-0.403065" z="-0.230298" x="1.369698"/>
                <normal y="0.000000" z="0.707083" x="0.707083"/>
                <texcoord v="0.148200" u="0.572900"/>
            </vertex>
            <vertex>
                <position y="-0.563065" z="-0.230298" x="1.369698"/>
                <normal y="-0.630238" z="0.548967" x="0.548967"/>
                <texcoord v="0.122000" u="0.582200"/>
            </vertex>
            <vertex>
                <position y="-0.563065" z="-0.400005" x="0.639992"/>
                <normal y="-0.630238" z="-0.000000" x="0.776360"/>
                <texcoord v="0.653300" u="0.862000"/>
            </vertex>
            <vertex>
                <position y="-0.403065" z="-0.400005" x="0.639992"/>
                <normal y="0.000000" z="-0.000000" x="1.000000"/>
                <texcoord v="0.678300" u="0.873900"/>
            </vertex>
            <vertex>
                <position y="-0.403065" z="-0.230298" x="0.569698"/>
                <normal y="0.000000" z="0.707083" x="0.707083"/>
                <texcoord v="0.650100" u="0.902100"/>
            </vertex>
            <vertex>
                <position y="-0.563065" z="-0.230298" x="0.569698"/>
                <normal y="-0.630238" z="0.548967" x="0.548967"/>
                <texcoord v="0.640800" u="0.876000"/>
            </vertex>
            <vertex>
                <position y="-0.563065" z="-0.230298" x="0.230286"/>
                <normal y="-0.630238" z="0.548967" x="-0.548967"/>
                <texcoord v="0.607900" u="0.864500"/>
            </vertex>
            <vertex>
                <position y="-0.403065" z="-0.230298" x="0.230286"/>
                <normal y="0.000000" z="0.707083" x="-0.707083"/>
                <texcoord v="0.581800" u="0.873900"/>
            </vertex>
            <vertex>
                <position y="-0.403065" z="-0.400005" x="0.159992"/>
                <normal y="0.000000" z="-0.000000" x="-1.000000"/>
                <texcoord v="0.581800" u="0.833800"/>
            </vertex>
            <vertex>
                <position y="-0.563065" z="-0.400005" x="0.159992"/>
                <normal y="-0.630238" z="-0.000000" x="-0.776360"/>
                <texcoord v="0.606800" u="0.845700"/>
            </vertex>
            <vertex>
                <position y="-0.563065" z="-1.200004" x="0.959992"/>
                <normal y="-0.630238" z="-0.000000" x="-0.776360"/>
                <texcoord v="0.122100" u="0.711100"/>
            </vertex>
            <vertex>
                <position y="-0.403065" z="-1.200004" x="0.959992"/>
                <normal y="0.000000" z="-0.000000" x="-0.999969"/>
                <texcoord v="0.097000" u="0.699200"/>
            </vertex>
            <vertex>
                <position y="-0.403065" z="-1.369710" x="1.030287"/>
                <normal y="0.000000" z="-0.707083" x="-0.707083"/>
                <texcoord v="0.125300" u="0.670900"/>
            </vertex>
            <vertex>
                <position y="-0.563065" z="-1.369710" x="1.030287"/>
                <normal y="-0.630238" z="-0.548967" x="-0.548967"/>
                <texcoord v="0.134600" u="0.697100"/>
            </vertex>
            <vertex>
                <position y="-0.563065" z="-0.400005" x="0.959992"/>
                <normal y="-0.630238" z="-0.000000" x="-0.776360"/>
                <texcoord v="0.091800" u="0.616100"/>
            </vertex>
            <vertex>
                <position y="-0.403065" z="-0.400005" x="0.959992"/>
                <normal y="0.000000" z="-0.000000" x="-1.000000"/>
                <texcoord v="0.079900" u="0.641200"/>
            </vertex>
            <vertex>
                <position y="-0.403065" z="-0.569710" x="1.030287"/>
                <normal y="0.000000" z="-0.707083" x="-0.707083"/>
                <texcoord v="0.051600" u="0.612900"/>
            </vertex>
            <vertex>
                <position y="-0.563065" z="-0.569710" x="1.030287"/>
                <normal y="-0.630238" z="-0.548967" x="-0.548967"/>
                <texcoord v="0.077700" u="0.603600"/>
            </vertex>
            <vertex>
                <position y="-0.563065" z="-0.569710" x="1.369698"/>
                <normal y="-0.630238" z="-0.548967" x="0.548967"/>
                <texcoord v="0.089200" u="0.570700"/>
            </vertex>
            <vertex>
                <position y="-0.403065" z="-0.569710" x="1.369698"/>
                <normal y="0.000000" z="-0.707083" x="0.707083"/>
                <texcoord v="0.079900" u="0.544600"/>
            </vertex>
            <vertex>
                <position y="-0.563065" z="0.159996" x="1.199991"/>
                <normal y="-0.630238" z="-0.776360" x="0.000000"/>
                <texcoord v="0.068500" u="0.168300"/>
            </vertex>
            <vertex>
                <position y="-0.403065" z="0.159996" x="1.199991"/>
                <normal y="0.000000" z="-1.000000" x="0.000000"/>
                <texcoord v="0.077800" u="0.194400"/>
            </vertex>
            <vertex>
                <position y="-0.403065" z="0.230290" x="1.369697"/>
                <normal y="0.000000" z="-0.707083" x="0.707083"/>
                <texcoord v="0.037800" u="0.194400"/>
            </vertex>
            <vertex>
                <position y="-0.563065" z="0.230290" x="1.369697"/>
                <normal y="-0.630238" z="-0.548967" x="0.548967"/>
                <texcoord v="0.049700" u="0.169400"/>
            </vertex>
            <vertex>
                <position y="-0.403065" z="-0.160004" x="0.399993"/>
                <normal y="0.000000" z="1.000000" x="0.000000"/>
                <texcoord v="0.610100" u="0.902100"/>
            </vertex>
            <vertex>
                <position y="-0.563065" z="-0.160004" x="0.399993"/>
                <normal y="-0.630238" z="0.776360" x="0.000000"/>
                <texcoord v="0.622000" u="0.877100"/>
            </vertex>
            <vertex>
                <position y="-0.563065" z="0.399996" x="0.639992"/>
                <normal y="-0.630238" z="-0.000000" x="0.776360"/>
                <texcoord v="0.495600" u="0.966300"/>
            </vertex>
            <vertex>
                <position y="-0.403065" z="0.399995" x="0.639992"/>
                <normal y="0.000000" z="-0.000000" x="1.000000"/>
                <texcoord v="0.483700" u="0.991300"/>
            </vertex>
            <vertex>
                <position y="-0.403065" z="0.569702" x="0.569697"/>
                <normal y="0.000000" z="0.707083" x="0.707083"/>
                <texcoord v="0.455400" u="0.963000"/>
            </vertex>
            <vertex>
                <position y="-0.563065" z="0.569702" x="0.569697"/>
                <normal y="-0.630238" z="0.548967" x="0.548967"/>
                <texcoord v="0.481500" u="0.953700"/>
            </vertex>
            <vertex>
                <position y="-0.563065" z="-1.030299" x="0.230286"/>
                <normal y="-0.630238" z="0.548967" x="-0.548967"/>
                <texcoord v="0.080000" u="0.038000"/>
            </vertex>
            <vertex>
                <position y="-0.403065" z="-1.030299" x="0.230286"/>
                <normal y="0.000000" z="0.707083" x="-0.707083"/>
                <texcoord v="0.106100" u="0.028700"/>
            </vertex>
            <vertex>
                <position y="-0.403065" z="-1.200004" x="0.159992"/>
                <normal y="0.000000" z="-0.000000" x="-1.000000"/>
                <texcoord v="0.106100" u="0.068700"/>
            </vertex>
            <vertex>
                <position y="-0.563065" z="-1.200004" x="0.159992"/>
                <normal y="-0.630238" z="-0.000000" x="-0.776360"/>
                <texcoord v="0.081100" u="0.056800"/>
            </vertex>
            <vertex>
                <position y="-0.563065" z="0.159996" x="-0.400007"/>
                <normal y="-0.630238" z="-0.776360" x="0.000000"/>
                <texcoord v="0.607900" u="0.962000"/>
            </vertex>
            <vertex>
                <position y="-0.403065" z="0.159996" x="-0.400007"/>
                <normal y="0.000000" z="-1.000000" x="0.000000"/>
                <texcoord v="0.581800" u="0.971300"/>
            </vertex>
            <vertex>
                <position y="-0.403065" z="0.230290" x="-0.230302"/>
                <normal y="0.000000" z="-0.707083" x="0.707083"/>
                <texcoord v="0.581800" u="0.931300"/>
            </vertex>
            <vertex>
                <position y="-0.563065" z="0.230290" x="-0.230302"/>
                <normal y="-0.630238" z="-0.548967" x="0.548967"/>
                <texcoord v="0.606800" u="0.943200"/>
            </vertex>
            <vertex>
                <position y="-0.563065" z="1.369702" x="-1.369714"/>
                <normal y="-0.630238" z="0.548967" x="-0.548967"/>
                <texcoord v="0.080000" u="0.330300"/>
            </vertex>
            <vertex>
                <position y="-0.403065" z="1.369702" x="-1.369714"/>
                <normal y="0.000000" z="0.707083" x="-0.707083"/>
                <texcoord v="0.106100" u="0.321000"/>
            </vertex>
            <vertex>
                <position y="-0.403065" z="1.199996" x="-1.440007"/>
                <normal y="0.000000" z="-0.000000" x="-1.000000"/>
                <texcoord v="0.106100" u="0.361000"/>
            </vertex>
            <vertex>
                <position y="-0.563065" z="1.199996" x="-1.440007"/>
                <normal y="-0.630238" z="-0.000000" x="-0.776360"/>
                <texcoord v="0.081100" u="0.349100"/>
            </vertex>
            <vertex>
                <position y="-0.563065" z="-0.569710" x="0.569698"/>
                <normal y="-0.630238" z="-0.548967" x="0.548967"/>
                <texcoord v="0.652200" u="0.843200"/>
            </vertex>
            <vertex>
                <position y="-0.403065" z="-0.569710" x="0.569698"/>
                <normal y="0.000000" z="-0.707083" x="0.707083"/>
                <texcoord v="0.678300" u="0.833800"/>
            </vertex>
            <vertex>
                <position y="-0.563065" z="-0.640005" x="1.199992"/>
                <normal y="-0.630238" z="-0.776360" x="0.000000"/>
                <texcoord v="0.076600" u="0.584800"/>
            </vertex>
            <vertex>
                <position y="-0.403065" z="-0.640005" x="1.199992"/>
                <normal y="0.000000" z="-0.999969" x="0.000000"/>
                <texcoord v="0.051600" u="0.572900"/>
            </vertex>
            <vertex>
                <position y="-0.563065" z="-1.369710" x="1.369698"/>
                <normal y="-0.630238" z="-0.548967" x="0.548967"/>
                <texcoord v="0.167500" u="0.708500"/>
            </vertex>
            <vertex>
                <position y="-0.403065" z="-1.369710" x="1.369698"/>
                <normal y="0.000000" z="-0.707083" x="0.707083"/>
                <texcoord v="0.193600" u="0.699200"/>
            </vertex>
            <vertex>
                <position y="-0.403065" z="-1.200004" x="1.439993"/>
                <normal y="0.000000" z="-0.000000" x="0.999969"/>
                <texcoord v="0.193600" u="0.739200"/>
            </vertex>
            <vertex>
                <position y="-0.563065" z="-1.200004" x="1.439993"/>
                <normal y="-0.630238" z="-0.000000" x="0.776360"/>
                <texcoord v="0.168500" u="0.727300"/>
            </vertex>
            <vertex>
                <position y="-0.403065" z="-1.030299" x="1.369698"/>
                <normal y="0.000000" z="0.707083" x="0.707083"/>
                <texcoord v="0.165300" u="0.767500"/>
            </vertex>
            <vertex>
                <position y="-0.563065" z="-1.030299" x="1.369698"/>
                <normal y="-0.630238" z="0.548967" x="0.548967"/>
                <texcoord v="0.156000" u="0.741400"/>
            </vertex>
            <vertex>
                <position y="-0.403065" z="-0.960004" x="1.199992"/>
                <normal y="0.000000" z="0.999969" x="0.000000"/>
                <texcoord v="0.125300" u="0.767500"/>
            </vertex>
            <vertex>
                <position y="-0.563065" z="-0.960004" x="1.199992"/>
                <normal y="-0.630238" z="0.776360" x="0.000000"/>
                <texcoord v="0.137200" u="0.742500"/>
            </vertex>
            <vertex>
                <position y="-0.563065" z="-1.030299" x="-0.569714"/>
                <normal y="-0.630238" z="0.548967" x="-0.548967"/>
                <texcoord v="0.122000" u="0.484700"/>
            </vertex>
            <vertex>
                <position y="-0.403065" z="-1.030299" x="-0.569714"/>
                <normal y="0.000000" z="0.707083" x="-0.707083"/>
                <texcoord v="0.148200" u="0.475400"/>
            </vertex>
            <vertex>
                <position y="-0.403065" z="-1.200004" x="-0.640007"/>
                <normal y="0.000000" z="-0.000000" x="-1.000000"/>
                <texcoord v="0.148200" u="0.515400"/>
            </vertex>
            <vertex>
                <position y="-0.563065" z="-1.200004" x="-0.640007"/>
                <normal y="-0.630238" z="-0.000000" x="-0.776360"/>
                <texcoord v="0.123100" u="0.503500"/>
            </vertex>
            <vertex>
                <position y="-0.403065" z="-1.440005" x="1.199992"/>
                <normal y="0.000000" z="-0.999969" x="0.000000"/>
                <texcoord v="0.165300" u="0.670900"/>
            </vertex>
            <vertex>
                <position y="-0.563065" z="-1.440005" x="1.199992"/>
                <normal y="-0.630238" z="-0.776360" x="0.000000"/>
                <texcoord v="0.153400" u="0.696000"/>
            </vertex>
            <vertex>
                <position y="-0.563065" z="-0.569710" x="0.230286"/>
                <normal y="-0.630238" z="-0.548967" x="-0.548967"/>
                <texcoord v="0.619400" u="0.831700"/>
            </vertex>
            <vertex>
                <position y="-0.403065" z="-0.569710" x="0.230286"/>
                <normal y="0.000000" z="-0.707083" x="-0.707083"/>
                <texcoord v="0.610100" u="0.805600"/>
            </vertex>
            <vertex>
                <position y="-0.403065" z="-0.640005" x="0.399993"/>
                <normal y="0.000000" z="-1.000000" x="0.000000"/>
                <texcoord v="0.650100" u="0.805600"/>
            </vertex>
            <vertex>
                <position y="-0.563065" z="-0.640005" x="0.399993"/>
                <normal y="-0.630238" z="-0.776360" x="0.000000"/>
                <texcoord v="0.638200" u="0.830600"/>
            </vertex>
            <vertex>
                <position y="-0.563065" z="-1.369710" x="0.569698"/>
                <normal y="-0.630238" z="-0.548967" x="0.548967"/>
                <texcoord v="0.035700" u="0.059400"/>
            </vertex>
            <vertex>
                <position y="-0.403065" z="-1.369710" x="0.569698"/>
                <normal y="0.000000" z="-0.707083" x="0.707083"/>
                <texcoord v="0.009500" u="0.068700"/>
            </vertex>
            <vertex>
                <position y="-0.403065" z="-1.200004" x="0.639992"/>
                <normal y="0.000000" z="-0.000000" x="1.000000"/>
                <texcoord v="0.009500" u="0.028700"/>
            </vertex>
            <vertex>
                <position y="-0.563065" z="-1.200004" x="0.639992"/>
                <normal y="-0.630238" z="-0.000000" x="0.776360"/>
                <texcoord v="0.034600" u="0.040600"/>
            </vertex>
            <vertex>
                <position y="-0.403065" z="-1.030299" x="1.030287"/>
                <normal y="0.000000" z="0.707083" x="-0.707083"/>
                <texcoord v="0.097000" u="0.739200"/>
            </vertex>
            <vertex>
                <position y="-0.563065" z="-1.030299" x="1.030287"/>
                <normal y="-0.630238" z="0.548967" x="-0.548967"/>
                <texcoord v="0.123100" u="0.729900"/>
            </vertex>
            <vertex>
                <position y="-0.563065" z="-0.960004" x="0.399993"/>
                <normal y="-0.630238" z="0.776360" x="0.000000"/>
                <texcoord v="0.065900" u="0.025500"/>
            </vertex>
            <vertex>
                <position y="-0.403065" z="-0.960004" x="0.399993"/>
                <normal y="0.000000" z="1.000000" x="0.000000"/>
                <texcoord v="0.077800" u="0.000400"/>
            </vertex>
            <vertex>
                <position y="-0.403065" z="-1.030299" x="0.569698"/>
                <normal y="0.000000" z="0.707083" x="0.707083"/>
                <texcoord v="0.037800" u="0.000400"/>
            </vertex>
            <vertex>
                <position y="-0.563065" z="-1.030299" x="0.569698"/>
                <normal y="-0.630238" z="0.548967" x="0.548967"/>
                <texcoord v="0.047100" u="0.026600"/>
            </vertex>
            <vertex>
                <position y="-0.563065" z="-1.369710" x="0.230286"/>
                <normal y="-0.630238" z="-0.548967" x="-0.548967"/>
                <texcoord v="0.068500" u="0.070900"/>
            </vertex>
            <vertex>
                <position y="-0.403065" z="-1.369710" x="0.230286"/>
                <normal y="0.000000" z="-0.707083" x="-0.707083"/>
                <texcoord v="0.077800" u="0.097000"/>
            </vertex>
            <vertex>
                <position y="-0.403065" z="-1.440005" x="0.399993"/>
                <normal y="0.000000" z="-1.000000" x="0.000000"/>
                <texcoord v="0.037800" u="0.097000"/>
            </vertex>
            <vertex>
                <position y="-0.563065" z="-1.440005" x="0.399993"/>
                <normal y="-0.630238" z="-0.776360" x="0.000000"/>
                <texcoord v="0.049700" u="0.071900"/>
            </vertex>
            <vertex>
                <position y="-0.563065" z="-1.369710" x="-0.230302"/>
                <normal y="-0.630238" z="-0.548967" x="0.548967"/>
                <texcoord v="0.077700" u="0.506100"/>
            </vertex>
            <vertex>
                <position y="-0.403065" z="-1.369710" x="-0.230302"/>
                <normal y="0.000000" z="-0.707083" x="0.707083"/>
                <texcoord v="0.051600" u="0.515400"/>
            </vertex>
            <vertex>
                <position y="-0.403065" z="-1.200004" x="-0.160008"/>
                <normal y="0.000000" z="-0.000000" x="1.000000"/>
                <texcoord v="0.051600" u="0.475400"/>
            </vertex>
            <vertex>
                <position y="-0.563065" z="-1.200004" x="-0.160008"/>
                <normal y="-0.630238" z="-0.000000" x="0.776360"/>
                <texcoord v="0.076600" u="0.487300"/>
            </vertex>
            <vertex>
                <position y="-0.563065" z="-0.400005" x="1.199992"/>
                <normal y="-1.000000" z="-0.000000" x="0.000000"/>
                <texcoord v="0.099900" u="0.592900"/>
            </vertex>
            <vertex>
                <position y="-0.563065" z="-0.400005" x="0.399993"/>
                <normal y="-1.000000" z="-0.000000" x="0.000000"/>
                <texcoord v="0.630100" u="0.853800"/>
            </vertex>
            <vertex>
                <position y="-0.563065" z="-1.200004" x="1.199992"/>
                <normal y="-1.000000" z="-0.000000" x="0.000000"/>
                <texcoord v="0.145300" u="0.719200"/>
            </vertex>
            <vertex>
                <position y="-0.563065" z="-1.200004" x="0.399993"/>
                <normal y="-1.000000" z="-0.000000" x="0.000000"/>
                <texcoord v="0.057800" u="0.048700"/>
            </vertex>
            <vertex>
                <position y="-0.563065" z="1.369702" x="-0.230302"/>
                <normal y="-0.630238" z="0.548967" x="0.548967"/>
                <texcoord v="0.716800" u="0.929100"/>
            </vertex>
            <vertex>
                <position y="-0.403065" z="1.369702" x="-0.230302"/>
                <normal y="0.000000" z="0.707083" x="0.707083"/>
                <texcoord v="0.707500" u="0.903000"/>
            </vertex>
            <vertex>
                <position y="-0.403065" z="1.439995" x="-0.400007"/>
                <normal y="0.000000" z="1.000000" x="0.000000"/>
                <texcoord v="0.747500" u="0.903000"/>
            </vertex>
            <vertex>
                <position y="-0.563065" z="1.439995" x="-0.400007"/>
                <normal y="-0.630238" z="0.776360" x="0.000000"/>
                <texcoord v="0.735600" u="0.928100"/>
            </vertex>
            <vertex>
                <position y="-0.403065" z="1.599995" x="-0.000008"/>
                <normal y="-1.000000" z="-0.000000" x="0.000000"/>
                <texcoord v="0.999600" u="0.223400"/>
            </vertex>
            <vertex>
                <position y="-0.403065" z="1.599995" x="-1.600007"/>
                <normal y="-1.000000" z="-0.000000" x="0.000000"/>
                <texcoord v="0.999600" u="0.446300"/>
            </vertex>
            <vertex>
                <position y="-0.563065" z="-0.569710" x="-0.230302"/>
                <normal y="-0.630238" z="-0.548967" x="0.548967"/>
                <texcoord v="0.098900" u="0.843200"/>
            </vertex>
            <vertex>
                <position y="-0.403065" z="-0.569710" x="-0.230302"/>
                <normal y="0.000000" z="-0.707083" x="0.707083"/>
                <texcoord v="0.125100" u="0.833800"/>
            </vertex>
            <vertex>
                <position y="-0.403065" z="-0.400005" x="-0.160008"/>
                <normal y="0.000000" z="-0.000000" x="1.000000"/>
                <texcoord v="0.125100" u="0.873900"/>
            </vertex>
            <vertex>
                <position y="-0.563065" z="-0.400005" x="-0.160008"/>
                <normal y="-0.630238" z="-0.000000" x="0.776360"/>
                <texcoord v="0.100000" u="0.862000"/>
            </vertex>
            <vertex>
                <position y="-0.403065" z="-0.230298" x="-0.230302"/>
                <normal y="0.000000" z="0.707083" x="0.707083"/>
                <texcoord v="0.096800" u="0.902100"/>
            </vertex>
            <vertex>
                <position y="-0.563065" z="-0.230298" x="-0.230302"/>
                <normal y="-0.630238" z="0.548967" x="0.548967"/>
                <texcoord v="0.087500" u="0.876000"/>
            </vertex>
            <vertex>
                <position y="-0.403065" z="-0.160004" x="-0.400007"/>
                <normal y="0.000000" z="1.000000" x="0.000000"/>
                <texcoord v="0.056800" u="0.902100"/>
            </vertex>
            <vertex>
                <position y="-0.563065" z="-0.160004" x="-0.400007"/>
                <normal y="-0.630238" z="0.776360" x="0.000000"/>
                <texcoord v="0.068700" u="0.877100"/>
            </vertex>
            <vertex>
                <position y="-0.563065" z="1.199996" x="-0.640007"/>
                <normal y="-0.630238" z="-0.000000" x="-0.776360"/>
                <texcoord v="0.750700" u="0.959400"/>
            </vertex>
            <vertex>
                <position y="-0.403065" z="1.199996" x="-0.640007"/>
                <normal y="0.000000" z="-0.000000" x="-1.000000"/>
                <texcoord v="0.775800" u="0.971300"/>
            </vertex>
            <vertex>
                <position y="-0.403065" z="1.030289" x="-0.569714"/>
                <normal y="0.000000" z="-0.707083" x="-0.707083"/>
                <texcoord v="0.747500" u="0.999600"/>
            </vertex>
            <vertex>
                <position y="-0.563065" z="1.030289" x="-0.569714"/>
                <normal y="-0.630238" z="-0.548967" x="-0.548967"/>
                <texcoord v="0.738200" u="0.973400"/>
            </vertex>
            <vertex>
                <position y="-0.563065" z="-1.200004" x="-1.440007"/>
                <normal y="-0.630238" z="-0.000000" x="-0.776360"/>
                <texcoord v="0.248400" u="0.845700"/>
            </vertex>
            <vertex>
                <position y="-0.403065" z="-1.200004" x="-1.440007"/>
                <normal y="0.000000" z="-0.000000" x="-1.000000"/>
                <texcoord v="0.223400" u="0.833800"/>
            </vertex>
            <vertex>
                <position y="-0.403065" z="-1.369710" x="-1.369714"/>
                <normal y="0.000000" z="-0.707083" x="-0.707083"/>
                <texcoord v="0.251700" u="0.805600"/>
            </vertex>
            <vertex>
                <position y="-0.563065" z="-1.369710" x="-1.369714"/>
                <normal y="-0.630238" z="-0.548967" x="-0.548967"/>
                <texcoord v="0.261000" u="0.831700"/>
            </vertex>
            <vertex>
                <position y="-0.563065" z="-1.030299" x="-0.230302"/>
                <normal y="-0.630238" z="0.548967" x="0.548967"/>
                <texcoord v="0.089200" u="0.473300"/>
            </vertex>
            <vertex>
                <position y="-0.403065" z="-1.030299" x="-0.230302"/>
                <normal y="0.000000" z="0.707083" x="0.707083"/>
                <texcoord v="0.079900" u="0.447200"/>
            </vertex>
            <vertex>
                <position y="-0.403065" z="-0.960004" x="-0.400007"/>
                <normal y="0.000000" z="1.000000" x="0.000000"/>
                <texcoord v="0.119900" u="0.447200"/>
            </vertex>
            <vertex>
                <position y="-0.563065" z="-0.960004" x="-0.400007"/>
                <normal y="-0.630238" z="0.776360" x="0.000000"/>
                <texcoord v="0.108000" u="0.472200"/>
            </vertex>
            <vertex>
                <position y="-0.563065" z="-0.569710" x="-1.030301"/>
                <normal y="-0.630238" z="-0.548967" x="0.548967"/>
                <texcoord v="0.152100" u="0.864500"/>
            </vertex>
            <vertex>
                <position y="-0.403065" z="-0.569710" x="-1.030301"/>
                <normal y="0.000000" z="-0.707083" x="0.707083"/>
                <texcoord v="0.125900" u="0.873900"/>
            </vertex>
            <vertex>
                <position y="-0.403065" z="-0.400005" x="-0.960008"/>
                <normal y="0.000000" z="-0.000000" x="0.999969"/>
                <texcoord v="0.125900" u="0.833800"/>
            </vertex>
            <vertex>
                <position y="-0.563065" z="-0.400005" x="-0.960008"/>
                <normal y="-0.630238" z="-0.000000" x="0.776360"/>
                <texcoord v="0.151000" u="0.845700"/>
            </vertex>
            <vertex>
                <position y="-0.403065" z="-0.230298" x="-1.030301"/>
                <normal y="0.000000" z="0.707083" x="0.707083"/>
                <texcoord v="0.154200" u="0.805600"/>
            </vertex>
            <vertex>
                <position y="-0.563065" z="-0.230298" x="-1.030301"/>
                <normal y="-0.630238" z="0.548967" x="0.548967"/>
                <texcoord v="0.163500" u="0.831700"/>
            </vertex>
            <vertex>
                <position y="-0.563065" z="-0.400005" x="-1.440007"/>
                <normal y="-0.630238" z="-0.000000" x="-0.776360"/>
                <texcoord v="0.197400" u="0.862000"/>
            </vertex>
            <vertex>
                <position y="-0.403065" z="-0.400005" x="-1.440007"/>
                <normal y="0.000000" z="-0.000000" x="-0.999969"/>
                <texcoord v="0.222500" u="0.873900"/>
            </vertex>
            <vertex>
                <position y="-0.403065" z="-0.569710" x="-1.369714"/>
                <normal y="0.000000" z="-0.707083" x="-0.707083"/>
                <texcoord v="0.194200" u="0.902100"/>
            </vertex>
            <vertex>
                <position y="-0.563065" z="-0.569710" x="-1.369714"/>
                <normal y="-0.630238" z="-0.548967" x="-0.548967"/>
                <texcoord v="0.184900" u="0.876000"/>
            </vertex>
            <vertex>
                <position y="-0.563065" z="-0.160004" x="-1.200008"/>
                <normal y="-0.630238" z="0.776360" x="0.000000"/>
                <texcoord v="0.182300" u="0.830600"/>
            </vertex>
            <vertex>
                <position y="-0.403065" z="-0.160004" x="-1.200008"/>
                <normal y="0.000000" z="1.000000" x="0.000000"/>
                <texcoord v="0.194200" u="0.805600"/>
            </vertex>
            <vertex>
                <position y="-0.403065" z="-0.230298" x="-1.369714"/>
                <normal y="0.000000" z="0.707083" x="-0.707083"/>
                <texcoord v="0.222500" u="0.833800"/>
            </vertex>
            <vertex>
                <position y="-0.563065" z="-0.230298" x="-1.369714"/>
                <normal y="-0.630238" z="0.548967" x="-0.548967"/>
                <texcoord v="0.196400" u="0.843200"/>
            </vertex>
            <vertex>
                <position y="-0.403065" z="-0.640005" x="-1.200008"/>
                <normal y="0.000000" z="-1.000000" x="0.000000"/>
                <texcoord v="0.154200" u="0.902100"/>
            </vertex>
            <vertex>
                <position y="-0.563065" z="-0.640005" x="-1.200008"/>
                <normal y="-0.630238" z="-0.776360" x="0.000000"/>
                <texcoord v="0.166100" u="0.877100"/>
            </vertex>
            <vertex>
                <position y="-0.563065" z="-0.400005" x="-0.640007"/>
                <normal y="-0.630238" z="-0.000000" x="-0.776360"/>
                <texcoord v="0.053600" u="0.845700"/>
            </vertex>
            <vertex>
                <position y="-0.403065" z="-0.400005" x="-0.640007"/>
                <normal y="0.000000" z="-0.000000" x="-1.000000"/>
                <texcoord v="0.028500" u="0.833800"/>
            </vertex>
            <vertex>
                <position y="-0.403065" z="-0.569710" x="-0.569714"/>
                <normal y="0.000000" z="-0.707083" x="-0.707083"/>
                <texcoord v="0.056800" u="0.805600"/>
            </vertex>
            <vertex>
                <position y="-0.563065" z="-0.569710" x="-0.569714"/>
                <normal y="-0.630238" z="-0.548967" x="-0.548967"/>
                <texcoord v="0.066100" u="0.831700"/>
            </vertex>
            <vertex>
                <position y="-0.563065" z="-0.640005" x="-0.400007"/>
                <normal y="-0.630238" z="-0.776360" x="0.000000"/>
                <texcoord v="0.084900" u="0.830600"/>
            </vertex>
            <vertex>
                <position y="-0.403065" z="-0.640005" x="-0.400007"/>
                <normal y="0.000000" z="-1.000000" x="0.000000"/>
                <texcoord v="0.096800" u="0.805600"/>
            </vertex>
            <vertex>
                <position y="-0.403065" z="-0.230298" x="-0.569714"/>
                <normal y="0.000000" z="0.707083" x="-0.707083"/>
                <texcoord v="0.028500" u="0.873900"/>
            </vertex>
            <vertex>
                <position y="-0.563065" z="-0.230298" x="-0.569714"/>
                <normal y="-0.630238" z="0.548967" x="-0.548967"/>
                <texcoord v="0.054600" u="0.864500"/>
            </vertex>
            <vertex>
                <position y="-0.563065" z="-1.200004" x="-0.960008"/>
                <normal y="-0.630238" z="-0.000000" x="0.776360"/>
                <texcoord v="0.294900" u="0.862000"/>
            </vertex>
            <vertex>
                <position y="-0.403065" z="-1.200004" x="-0.960008"/>
                <normal y="0.000000" z="-0.000000" x="1.000000"/>
                <texcoord v="0.319900" u="0.873900"/>
            </vertex>
            <vertex>
                <position y="-0.403065" z="-1.030299" x="-1.030301"/>
                <normal y="0.000000" z="0.707083" x="0.707083"/>
                <texcoord v="0.291700" u="0.902100"/>
            </vertex>
            <vertex>
                <position y="-0.563065" z="-1.030299" x="-1.030301"/>
                <normal y="-0.630238" z="0.548967" x="0.548967"/>
                <texcoord v="0.282300" u="0.876000"/>
            </vertex>
            <vertex>
                <position y="-0.563065" z="0.569702" x="0.230285"/>
                <normal y="-0.630238" z="0.548967" x="-0.548967"/>
                <texcoord v="0.493000" u="0.920900"/>
            </vertex>
            <vertex>
                <position y="-0.403065" z="0.569702" x="0.230285"/>
                <normal y="0.000000" z="0.707083" x="-0.707083"/>
                <texcoord v="0.483700" u="0.894700"/>
            </vertex>
            <vertex>
                <position y="-0.403065" z="0.399995" x="0.159991"/>
                <normal y="0.000000" z="-0.000000" x="-1.000000"/>
                <texcoord v="0.523700" u="0.894700"/>
            </vertex>
            <vertex>
                <position y="-0.563065" z="0.399996" x="0.159991"/>
                <normal y="-0.630238" z="-0.000000" x="-0.776360"/>
                <texcoord v="0.511800" u="0.919800"/>
            </vertex>
            <vertex>
                <position y="-0.563065" z="-1.369710" x="-0.569714"/>
                <normal y="-0.630238" z="-0.548967" x="-0.548967"/>
                <texcoord v="0.110600" u="0.517600"/>
            </vertex>
            <vertex>
                <position y="-0.403065" z="-1.369710" x="-0.569714"/>
                <normal y="0.000000" z="-0.707083" x="-0.707083"/>
                <texcoord v="0.119900" u="0.543700"/>
            </vertex>
            <vertex>
                <position y="-0.403065" z="-1.440005" x="-0.400007"/>
                <normal y="0.000000" z="-1.000000" x="0.000000"/>
                <texcoord v="0.079900" u="0.543700"/>
            </vertex>
            <vertex>
                <position y="-0.563065" z="-1.440005" x="-0.400007"/>
                <normal y="-0.630238" z="-0.776360" x="0.000000"/>
                <texcoord v="0.091800" u="0.518700"/>
            </vertex>
            <vertex>
                <position y="-0.563065" z="-1.440005" x="-1.200008"/>
                <normal y="-0.630238" z="-0.776360" x="0.000000"/>
                <texcoord v="0.279800" u="0.830600"/>
            </vertex>
            <vertex>
                <position y="-0.403065" z="-1.440005" x="-1.200008"/>
                <normal y="0.000000" z="-1.000000" x="0.000000"/>
                <texcoord v="0.291700" u="0.805600"/>
            </vertex>
            <vertex>
                <position y="-0.403065" z="-1.369710" x="-1.030301"/>
                <normal y="0.000000" z="-0.707083" x="0.707083"/>
                <texcoord v="0.319900" u="0.833800"/>
            </vertex>
            <vertex>
                <position y="-0.563065" z="-1.369710" x="-1.030301"/>
                <normal y="-0.630238" z="-0.548967" x="0.548967"/>
                <texcoord v="0.293800" u="0.843200"/>
            </vertex>
            <vertex>
                <position y="-0.403065" z="-0.960004" x="-1.200008"/>
                <normal y="0.000000" z="1.000000" x="0.000000"/>
                <texcoord v="0.251700" u="0.902100"/>
            </vertex>
            <vertex>
                <position y="-0.563065" z="-0.960004" x="-1.200008"/>
                <normal y="-0.630238" z="0.776360" x="0.000000"/>
                <texcoord v="0.263600" u="0.877100"/>
            </vertex>
            <vertex>
                <position y="-0.403065" z="-1.030299" x="-1.369714"/>
                <normal y="0.000000" z="0.707083" x="-0.707083"/>
                <texcoord v="0.223400" u="0.873900"/>
            </vertex>
            <vertex>
                <position y="-0.563065" z="-1.030299" x="-1.369714"/>
                <normal y="-0.630238" z="0.548967" x="-0.548967"/>
                <texcoord v="0.249500" u="0.864500"/>
            </vertex>
            <vertex>
                <position y="-0.563065" z="-0.400005" x="-0.400007"/>
                <normal y="-1.000000" z="-0.000000" x="0.000000"/>
                <texcoord v="0.076800" u="0.853800"/>
            </vertex>
            <vertex>
                <position y="-0.563065" z="-0.400005" x="-1.200008"/>
                <normal y="-1.000000" z="-0.000000" x="0.000000"/>
                <texcoord v="0.174200" u="0.853800"/>
            </vertex>
            <vertex>
                <position y="-0.563065" z="-1.200004" x="-0.400007"/>
                <normal y="-0.999969" z="-0.000000" x="0.000000"/>
                <texcoord v="0.099900" u="0.495400"/>
            </vertex>
            <vertex>
                <position y="-0.563065" z="-1.200004" x="-1.200008"/>
                <normal y="-1.000000" z="-0.000000" x="0.000000"/>
                <texcoord v="0.271700" u="0.853800"/>
            </vertex>
            <vertex>
                <position y="-0.563065" z="0.569702" x="1.369697"/>
                <normal y="-0.630238" z="0.548967" x="0.548967"/>
                <texcoord v="0.034600" u="0.138000"/>
            </vertex>
            <vertex>
                <position y="-0.403065" z="0.569702" x="1.369697"/>
                <normal y="0.000000" z="0.707083" x="0.707083"/>
                <texcoord v="0.009500" u="0.126100"/>
            </vertex>
            <vertex>
                <position y="-0.403065" z="0.639995" x="1.199991"/>
                <normal y="0.000000" z="1.000000" x="0.000000"/>
                <texcoord v="0.037800" u="0.097900"/>
            </vertex>
            <vertex>
                <position y="-0.563065" z="0.639995" x="1.199991"/>
                <normal y="-0.630238" z="0.776360" x="0.000000"/>
                <texcoord v="0.047100" u="0.124000"/>
            </vertex>
            <vertex>
                <position y="-0.563065" z="1.199996" x="0.639992"/>
                <normal y="-0.630238" z="-0.000000" x="0.776360"/>
                <texcoord v="0.738200" u="0.876000"/>
            </vertex>
            <vertex>
                <position y="-0.403065" z="1.199996" x="0.639992"/>
                <normal y="0.000000" z="-0.000000" x="1.000000"/>
                <texcoord v="0.747500" u="0.902100"/>
            </vertex>
            <vertex>
                <position y="-0.403065" z="1.369702" x="0.569697"/>
                <normal y="0.000000" z="0.707083" x="0.707083"/>
                <texcoord v="0.707500" u="0.902100"/>
            </vertex>
            <vertex>
                <position y="-0.563065" z="1.369702" x="0.569697"/>
                <normal y="-0.630238" z="0.548967" x="0.548967"/>
                <texcoord v="0.719400" u="0.877100"/>
            </vertex>
            <vertex>
                <position y="-0.563065" z="1.369702" x="1.369697"/>
                <normal y="-0.630238" z="0.548967" x="0.548967"/>
                <texcoord v="0.377200" u="0.830600"/>
            </vertex>
            <vertex>
                <position y="-0.403065" z="1.369702" x="1.369697"/>
                <normal y="0.000000" z="0.707083" x="0.707083"/>
                <texcoord v="0.389100" u="0.805600"/>
            </vertex>
            <vertex>
                <position y="-0.403065" z="1.439995" x="1.199991"/>
                <normal y="0.000000" z="1.000000" x="0.000000"/>
                <texcoord v="0.417400" u="0.833800"/>
            </vertex>
            <vertex>
                <position y="-0.563065" z="1.439995" x="1.199991"/>
                <normal y="-0.630238" z="0.776360" x="0.000000"/>
                <texcoord v="0.391200" u="0.843200"/>
            </vertex>
            <vertex>
                <position y="-0.403065" z="1.369702" x="1.030286"/>
                <normal y="0.000000" z="0.707083" x="-0.707083"/>
                <texcoord v="0.417400" u="0.873900"/>
            </vertex>
            <vertex>
                <position y="-0.563065" z="1.369702" x="1.030286"/>
                <normal y="-0.630238" z="0.548967" x="-0.548967"/>
                <texcoord v="0.392300" u="0.862000"/>
            </vertex>
            <vertex>
                <position y="-0.563065" z="0.959996" x="0.399992"/>
                <normal y="-0.630238" z="-0.776360" x="0.000000"/>
                <texcoord v="0.749600" u="0.843200"/>
            </vertex>
            <vertex>
                <position y="-0.403065" z="0.959996" x="0.399992"/>
                <normal y="0.000000" z="-1.000000" x="0.000000"/>
                <texcoord v="0.775800" u="0.833800"/>
            </vertex>
            <vertex>
                <position y="-0.403065" z="1.030289" x="0.569697"/>
                <normal y="0.000000" z="-0.707083" x="0.707083"/>
                <texcoord v="0.775800" u="0.873900"/>
            </vertex>
            <vertex>
                <position y="-0.563065" z="1.030289" x="0.569697"/>
                <normal y="-0.630238" z="-0.548967" x="0.548967"/>
                <texcoord v="0.750700" u="0.862000"/>
            </vertex>
            <vertex>
                <position y="-0.563065" z="1.199996" x="0.959991"/>
                <normal y="-0.630238" z="-0.000000" x="-0.776360"/>
                <texcoord v="0.379800" u="0.876000"/>
            </vertex>
            <vertex>
                <position y="-0.403065" z="1.199996" x="0.959991"/>
                <normal y="0.000000" z="-0.000000" x="-1.000000"/>
                <texcoord v="0.389100" u="0.902100"/>
            </vertex>
            <vertex>
                <position y="-0.403065" z="1.030289" x="1.030286"/>
                <normal y="0.000000" z="-0.707083" x="-0.707083"/>
                <texcoord v="0.349100" u="0.902100"/>
            </vertex>
            <vertex>
                <position y="-0.563065" z="1.030289" x="1.030286"/>
                <normal y="-0.630238" z="-0.548967" x="-0.548967"/>
                <texcoord v="0.361000" u="0.877100"/>
            </vertex>
            <vertex>
                <position y="-0.403065" z="0.959996" x="1.199991"/>
                <normal y="0.000000" z="-1.000000" x="0.000000"/>
                <texcoord v="0.320800" u="0.873900"/>
            </vertex>
            <vertex>
                <position y="-0.563065" z="0.959996" x="1.199991"/>
                <normal y="-0.630238" z="-0.776360" x="0.000000"/>
                <texcoord v="0.346900" u="0.864500"/>
            </vertex>
            <vertex>
                <position y="-0.403065" z="1.030289" x="1.369697"/>
                <normal y="0.000000" z="-0.707083" x="0.707083"/>
                <texcoord v="0.320800" u="0.833800"/>
            </vertex>
            <vertex>
                <position y="-0.563065" z="1.030289" x="1.369697"/>
                <normal y="-0.630238" z="-0.548967" x="0.548967"/>
                <texcoord v="0.345900" u="0.845700"/>
            </vertex>
            <vertex>
                <position y="-0.403065" z="1.439995" x="0.399992"/>
                <normal y="0.000000" z="1.000000" x="0.000000"/>
                <texcoord v="0.679200" u="0.873900"/>
            </vertex>
            <vertex>
                <position y="-0.563065" z="1.439995" x="0.399992"/>
                <normal y="-0.630238" z="0.776360" x="0.000000"/>
                <texcoord v="0.705300" u="0.864500"/>
            </vertex>
            <vertex>
                <position y="-0.403065" z="1.369702" x="0.230285"/>
                <normal y="0.000000" z="0.707083" x="-0.707083"/>
                <texcoord v="0.679200" u="0.833800"/>
            </vertex>
            <vertex>
                <position y="-0.563065" z="1.369702" x="0.230285"/>
                <normal y="-0.630238" z="0.548967" x="-0.548967"/>
                <texcoord v="0.704300" u="0.845700"/>
            </vertex>
            <vertex>
                <position y="-0.563065" z="0.959996" x="-0.400007"/>
                <normal y="-0.630238" z="-0.776360" x="0.000000"/>
                <texcoord v="0.719400" u="0.974500"/>
            </vertex>
            <vertex>
                <position y="-0.403065" z="0.959996" x="-0.400007"/>
                <normal y="0.000000" z="-1.000000" x="0.000000"/>
                <texcoord v="0.707500" u="0.999600"/>
            </vertex>
            <vertex>
                <position y="-0.403065" z="1.030289" x="-0.230302"/>
                <normal y="0.000000" z="-0.707083" x="0.707083"/>
                <texcoord v="0.679200" u="0.971300"/>
            </vertex>
            <vertex>
                <position y="-0.563065" z="1.030289" x="-0.230302"/>
                <normal y="-0.630238" z="-0.548967" x="0.548967"/>
                <texcoord v="0.705300" u="0.962000"/>
            </vertex>
            <vertex>
                <position y="-0.563065" z="0.159996" x="0.399992"/>
                <normal y="-0.630238" z="-0.776360" x="0.000000"/>
                <texcoord v="0.526900" u="0.951100"/>
            </vertex>
            <vertex>
                <position y="-0.403065" z="0.159996" x="0.399992"/>
                <normal y="0.000000" z="-1.000000" x="0.000000"/>
                <texcoord v="0.552000" u="0.963000"/>
            </vertex>
            <vertex>
                <position y="-0.403065" z="0.230290" x="0.569697"/>
                <normal y="0.000000" z="-0.707083" x="0.707083"/>
                <texcoord v="0.523700" u="0.991300"/>
            </vertex>
            <vertex>
                <position y="-0.563065" z="0.230290" x="0.569697"/>
                <normal y="-0.630238" z="-0.548967" x="0.548967"/>
                <texcoord v="0.514400" u="0.965200"/>
            </vertex>
            <vertex>
                <position y="-0.563065" z="1.030289" x="0.230285"/>
                <normal y="-0.630238" z="-0.548967" x="-0.548967"/>
                <texcoord v="0.735600" u="0.830600"/>
            </vertex>
            <vertex>
                <position y="-0.403065" z="1.030289" x="0.230285"/>
                <normal y="0.000000" z="-0.707083" x="-0.707083"/>
                <texcoord v="0.747500" u="0.805600"/>
            </vertex>
            <vertex>
                <position y="-0.563065" z="1.199996" x="1.439992"/>
                <normal y="-0.630238" z="-0.000000" x="0.776360"/>
                <texcoord v="0.358400" u="0.831700"/>
            </vertex>
            <vertex>
                <position y="-0.403065" z="1.199996" x="1.439992"/>
                <normal y="0.000000" z="-0.000000" x="1.000000"/>
                <texcoord v="0.349100" u="0.805600"/>
            </vertex>
            <vertex>
                <position y="-0.403065" z="0.569702" x="1.030286"/>
                <normal y="0.000000" z="0.707083" x="-0.707083"/>
                <texcoord v="0.077800" u="0.097900"/>
            </vertex>
            <vertex>
                <position y="-0.563065" z="0.569702" x="1.030286"/>
                <normal y="-0.630238" z="0.548967" x="-0.548967"/>
                <texcoord v="0.065900" u="0.122900"/>
            </vertex>
            <vertex>
                <position y="-0.563065" z="0.399996" x="1.439992"/>
                <normal y="-0.630238" z="-0.000000" x="0.776360"/>
                <texcoord v="0.035700" u="0.156800"/>
            </vertex>
            <vertex>
                <position y="-0.403065" z="0.399995" x="1.439992"/>
                <normal y="0.000000" z="-0.000000" x="1.000000"/>
                <texcoord v="0.009500" u="0.166200"/>
            </vertex>
            <vertex>
                <position y="-0.403065" z="0.399995" x="0.959991"/>
                <normal y="0.000000" z="-0.000000" x="-1.000000"/>
                <texcoord v="0.106100" u="0.126100"/>
            </vertex>
            <vertex>
                <position y="-0.563065" z="0.399996" x="0.959991"/>
                <normal y="-0.630238" z="-0.000000" x="-0.776360"/>
                <texcoord v="0.080000" u="0.135500"/>
            </vertex>
            <vertex>
                <position y="-0.563065" z="0.230290" x="1.030286"/>
                <normal y="-0.630238" z="-0.548967" x="-0.548967"/>
                <texcoord v="0.081100" u="0.154300"/>
            </vertex>
            <vertex>
                <position y="-0.403065" z="0.230290" x="1.030286"/>
                <normal y="0.000000" z="-0.707083" x="-0.707083"/>
                <texcoord v="0.106100" u="0.166200"/>
            </vertex>
            <vertex>
                <position y="-0.403065" z="0.639995" x="0.399992"/>
                <normal y="0.000000" z="0.999969" x="0.000000"/>
                <texcoord v="0.455400" u="0.923000"/>
            </vertex>
            <vertex>
                <position y="-0.563065" z="0.639995" x="0.399992"/>
                <normal y="-0.630238" z="0.776360" x="0.000000"/>
                <texcoord v="0.480500" u="0.934900"/>
            </vertex>
            <vertex>
                <position y="-0.563065" z="0.399996" x="-0.160008"/>
                <normal y="-0.630238" z="-0.000000" x="0.776360"/>
                <texcoord v="0.619400" u="0.929100"/>
            </vertex>
            <vertex>
                <position y="-0.403065" z="0.399995" x="-0.160008"/>
                <normal y="0.000000" z="-0.000000" x="1.000000"/>
                <texcoord v="0.610100" u="0.903000"/>
            </vertex>
            <vertex>
                <position y="-0.403065" z="0.569702" x="-0.230302"/>
                <normal y="0.000000" z="0.707083" x="0.707083"/>
                <texcoord v="0.650100" u="0.903000"/>
            </vertex>
            <vertex>
                <position y="-0.563065" z="0.569702" x="-0.230302"/>
                <normal y="-0.630238" z="0.548967" x="0.548967"/>
                <texcoord v="0.638200" u="0.928100"/>
            </vertex>
            <vertex>
                <position y="-0.563065" z="0.569702" x="-0.569714"/>
                <normal y="-0.630238" z="0.548967" x="-0.548967"/>
                <texcoord v="0.653300" u="0.959400"/>
            </vertex>
            <vertex>
                <position y="-0.403065" z="0.569702" x="-0.569714"/>
                <normal y="0.000000" z="0.707083" x="-0.707083"/>
                <texcoord v="0.678300" u="0.971300"/>
            </vertex>
            <vertex>
                <position y="-0.403065" z="0.399995" x="-0.640007"/>
                <normal y="0.000000" z="-0.000000" x="-1.000000"/>
                <texcoord v="0.650100" u="0.999600"/>
            </vertex>
            <vertex>
                <position y="-0.563065" z="0.399996" x="-0.640007"/>
                <normal y="-0.630238" z="-0.000000" x="-0.776360"/>
                <texcoord v="0.640800" u="0.973400"/>
            </vertex>
            <vertex>
                <position y="-0.563065" z="0.230290" x="0.230285"/>
                <normal y="-0.630238" z="-0.548967" x="-0.548967"/>
                <texcoord v="0.525900" u="0.932300"/>
            </vertex>
            <vertex>
                <position y="-0.403065" z="0.230290" x="0.230285"/>
                <normal y="0.000000" z="-0.707083" x="-0.707083"/>
                <texcoord v="0.552000" u="0.923000"/>
            </vertex>
            <vertex>
                <position y="-0.563065" z="1.199996" x="1.199991"/>
                <normal y="-1.000000" z="-0.000000" x="0.000000"/>
                <texcoord v="0.369100" u="0.853800"/>
            </vertex>
            <vertex>
                <position y="-0.563065" z="1.199996" x="0.399992"/>
                <normal y="-1.000000" z="-0.000000" x="0.000000"/>
                <texcoord v="0.727500" u="0.853800"/>
            </vertex>
            <vertex>
                <position y="-0.563065" z="1.199996" x="0.159991"/>
                <normal y="-0.630238" z="-0.000000" x="-0.776360"/>
                <texcoord v="0.716800" u="0.831700"/>
            </vertex>
            <vertex>
                <position y="-0.563065" z="0.399996" x="1.199991"/>
                <normal y="-1.000000" z="-0.000000" x="0.000000"/>
                <texcoord v="0.057800" u="0.146200"/>
            </vertex>
            <vertex>
                <position y="-0.563065" z="0.399996" x="0.399992"/>
                <normal y="-0.999969" z="-0.000000" x="0.000000"/>
                <texcoord v="0.503700" u="0.943000"/>
            </vertex>
            <vertex>
                <position y="-0.403065" z="-0.000004" x="-0.000009"/>
                <normal y="-1.000000" z="-0.000000" x="0.000000"/>
                <texcoord v="0.552800" u="0.447200"/>
            </vertex>
            <vertex>
                <position y="-0.403065" z="-0.000004" x="1.599992"/>
                <normal y="-1.000000" z="-0.000000" x="0.000000"/>
                <texcoord v="0.775800" u="0.447200"/>
            </vertex>
            <vertex>
                <position y="-0.403065" z="1.599995" x="1.599992"/>
                <normal y="-1.000000" z="-0.000000" x="0.000000"/>
                <texcoord v="0.775800" u="0.670100"/>
            </vertex>
            <vertex>
                <position y="-0.403065" z="1.599995" x="-0.000009"/>
                <normal y="-1.000000" z="-0.000000" x="0.000000"/>
                <texcoord v="0.552800" u="0.670100"/>
            </vertex>
            <vertex>
                <position y="-0.403065" z="1.199996" x="0.159991"/>
                <normal y="0.000000" z="-0.000000" x="-1.000000"/>
                <texcoord v="0.707500" u="0.805600"/>
            </vertex>
            <vertex>
                <position y="-0.403065" z="1.369702" x="-0.569714"/>
                <normal y="0.000000" z="0.707083" x="-0.707083"/>
                <texcoord v="0.775800" u="0.931300"/>
            </vertex>
            <vertex>
                <position y="-0.563065" z="1.369702" x="-0.569714"/>
                <normal y="-0.630238" z="0.548967" x="-0.548967"/>
                <texcoord v="0.749600" u="0.940600"/>
            </vertex>
            <vertex>
                <position y="-0.563065" z="1.199996" x="-0.960008"/>
                <normal y="-0.630238" z="-0.000000" x="0.776360"/>
                <texcoord v="0.034600" u="0.332900"/>
            </vertex>
            <vertex>
                <position y="-0.403065" z="1.199996" x="-0.960008"/>
                <normal y="0.000000" z="-0.000000" x="1.000000"/>
                <texcoord v="0.009500" u="0.321000"/>
            </vertex>
            <vertex>
                <position y="-0.403065" z="1.369702" x="-1.030301"/>
                <normal y="0.000000" z="0.707083" x="0.707083"/>
                <texcoord v="0.037800" u="0.292700"/>
            </vertex>
            <vertex>
                <position y="-0.563065" z="1.369702" x="-1.030301"/>
                <normal y="-0.630238" z="0.548967" x="0.548967"/>
                <texcoord v="0.047100" u="0.318900"/>
            </vertex>
            <vertex>
                <position y="-0.563065" z="0.569702" x="-1.369714"/>
                <normal y="-0.630238" z="0.548967" x="-0.548967"/>
                <texcoord v="0.049700" u="0.266800"/>
            </vertex>
            <vertex>
                <position y="-0.403065" z="0.569702" x="-1.369714"/>
                <normal y="0.000000" z="0.707083" x="-0.707083"/>
                <texcoord v="0.037800" u="0.291900"/>
            </vertex>
            <vertex>
                <position y="-0.403065" z="0.399995" x="-1.440007"/>
                <normal y="0.000000" z="-0.000000" x="-1.000000"/>
                <texcoord v="0.009500" u="0.263600"/>
            </vertex>
            <vertex>
                <position y="-0.563065" z="0.399996" x="-1.440007"/>
                <normal y="-0.630238" z="-0.000000" x="-0.776360"/>
                <texcoord v="0.035700" u="0.254300"/>
            </vertex>
            <vertex>
                <position y="-0.563065" z="1.030289" x="-1.030301"/>
                <normal y="-0.630238" z="-0.548967" x="0.548967"/>
                <texcoord v="0.035700" u="0.351700"/>
            </vertex>
            <vertex>
                <position y="-0.403065" z="1.030289" x="-1.030301"/>
                <normal y="0.000000" z="-0.707083" x="0.707083"/>
                <texcoord v="0.009500" u="0.361000"/>
            </vertex>
            <vertex>
                <position y="-0.403065" z="1.199996" x="-0.160008"/>
                <normal y="0.000000" z="-0.000000" x="1.000000"/>
                <texcoord v="0.679200" u="0.931300"/>
            </vertex>
            <vertex>
                <position y="-0.563065" z="1.199996" x="-0.160008"/>
                <normal y="-0.630238" z="-0.000000" x="0.776360"/>
                <texcoord v="0.704300" u="0.943200"/>
            </vertex>
            <vertex>
                <position y="-0.403065" z="1.439995" x="-1.200008"/>
                <normal y="0.000000" z="0.999969" x="0.000000"/>
                <texcoord v="0.077800" u="0.292700"/>
            </vertex>
            <vertex>
                <position y="-0.563065" z="1.439995" x="-1.200008"/>
                <normal y="-0.630238" z="0.776360" x="0.000000"/>
                <texcoord v="0.065900" u="0.317800"/>
            </vertex>
            <vertex>
                <position y="-0.563065" z="0.569702" x="-1.030301"/>
                <normal y="-0.630238" z="0.548967" x="0.548967"/>
                <texcoord v="0.081100" u="0.251700"/>
            </vertex>
            <vertex>
                <position y="-0.403065" z="0.569702" x="-1.030301"/>
                <normal y="0.000000" z="0.707083" x="0.707083"/>
                <texcoord v="0.106100" u="0.263600"/>
            </vertex>
            <vertex>
                <position y="-0.403065" z="0.639995" x="-1.200008"/>
                <normal y="0.000000" z="1.000000" x="0.000000"/>
                <texcoord v="0.077800" u="0.291900"/>
            </vertex>
            <vertex>
                <position y="-0.563065" z="0.639995" x="-1.200008"/>
                <normal y="-0.630238" z="0.776360" x="0.000000"/>
                <texcoord v="0.068500" u="0.265700"/>
            </vertex>
            <vertex>
                <position y="-0.563065" z="0.159996" x="-1.200008"/>
                <normal y="-0.630238" z="-0.776360" x="0.000000"/>
                <texcoord v="0.047100" u="0.221400"/>
            </vertex>
            <vertex>
                <position y="-0.403065" z="0.159996" x="-1.200008"/>
                <normal y="0.000000" z="-1.000000" x="0.000000"/>
                <texcoord v="0.037800" u="0.195300"/>
            </vertex>
            <vertex>
                <position y="-0.403065" z="0.230290" x="-1.030301"/>
                <normal y="0.000000" z="-0.707083" x="0.707083"/>
                <texcoord v="0.077800" u="0.195300"/>
            </vertex>
            <vertex>
                <position y="-0.563065" z="0.230290" x="-1.030301"/>
                <normal y="-0.630238" z="-0.548967" x="0.548967"/>
                <texcoord v="0.065900" u="0.220400"/>
            </vertex>
            <vertex>
                <position y="-0.563065" z="1.030289" x="-1.369714"/>
                <normal y="-0.630238" z="-0.548967" x="-0.548967"/>
                <texcoord v="0.068500" u="0.363200"/>
            </vertex>
            <vertex>
                <position y="-0.403065" z="1.030289" x="-1.369714"/>
                <normal y="0.000000" z="-0.707083" x="-0.707083"/>
                <texcoord v="0.077800" u="0.389300"/>
            </vertex>
            <vertex>
                <position y="-0.403065" z="0.959996" x="-1.200008"/>
                <normal y="0.000000" z="-0.999969" x="0.000000"/>
                <texcoord v="0.037800" u="0.389300"/>
            </vertex>
            <vertex>
                <position y="-0.563065" z="0.959996" x="-1.200008"/>
                <normal y="-0.630238" z="-0.776360" x="0.000000"/>
                <texcoord v="0.049700" u="0.364300"/>
            </vertex>
            <vertex>
                <position y="-0.563065" z="0.639995" x="-0.400007"/>
                <normal y="-0.630238" z="0.776360" x="0.000000"/>
                <texcoord v="0.652200" u="0.940600"/>
            </vertex>
            <vertex>
                <position y="-0.403065" z="0.639995" x="-0.400007"/>
                <normal y="0.000000" z="0.999969" x="0.000000"/>
                <texcoord v="0.678300" u="0.931300"/>
            </vertex>
            <vertex>
                <position y="-0.403065" z="0.399995" x="-0.960008"/>
                <normal y="0.000000" z="-0.000000" x="1.000000"/>
                <texcoord v="0.106100" u="0.223600"/>
            </vertex>
            <vertex>
                <position y="-0.563065" z="0.399996" x="-0.960008"/>
                <normal y="-0.630238" z="-0.000000" x="0.776360"/>
                <texcoord v="0.080000" u="0.232900"/>
            </vertex>
            <vertex>
                <position y="-0.563065" z="0.230290" x="-0.569714"/>
                <normal y="-0.630238" z="-0.548967" x="-0.548967"/>
                <texcoord v="0.622000" u="0.974500"/>
            </vertex>
            <vertex>
                <position y="-0.403065" z="0.230290" x="-0.569714"/>
                <normal y="0.000000" z="-0.707083" x="-0.707083"/>
                <texcoord v="0.610100" u="0.999600"/>
            </vertex>
            <vertex>
                <position y="-0.403065" z="0.230290" x="-1.369714"/>
                <normal y="0.000000" z="-0.707083" x="-0.707083"/>
                <texcoord v="0.009500" u="0.223600"/>
            </vertex>
            <vertex>
                <position y="-0.563065" z="0.230290" x="-1.369714"/>
                <normal y="-0.630238" z="-0.548967" x="-0.548967"/>
                <texcoord v="0.034600" u="0.235500"/>
            </vertex>
            <vertex>
                <position y="-0.563065" z="1.199996" x="-0.400007"/>
                <normal y="-0.999969" z="-0.000000" x="0.000000"/>
                <texcoord v="0.727500" u="0.951300"/>
            </vertex>
            <vertex>
                <position y="-0.563065" z="1.199996" x="-1.200008"/>
                <normal y="-1.000000" z="-0.000000" x="0.000000"/>
                <texcoord v="0.057800" u="0.341000"/>
            </vertex>
            <vertex>
                <position y="-0.563065" z="0.399996" x="-0.400007"/>
                <normal y="-1.000000" z="-0.000000" x="0.000000"/>
                <texcoord v="0.630100" u="0.951300"/>
            </vertex>
            <vertex>
                <position y="-0.563065" z="0.399996" x="-1.200008"/>
                <normal y="-1.000000" z="-0.000000" x="0.000000"/>
                <texcoord v="0.057800" u="0.243600"/>
            </vertex>
            <vertex>
                <position y="-0.403065" z="-1.600005" x="1.599993"/>
                <normal y="-1.000000" z="-0.000000" x="0.000000"/>
                <texcoord v="0.553700" u="0.000400"/>
            </vertex>
            <vertex>
                <position y="-0.403065" z="-0.000004" x="1.599993"/>
                <normal y="-1.000000" z="-0.000000" x="0.000000"/>
                <texcoord v="0.776600" u="0.000400"/>
            </vertex>
            <vertex>
                <position y="0.454439" z="1.599995" x="1.599992"/>
                <normal y="1.000000" z="-0.000000" x="-0.000000"/>
                <texcoord v="1.000000" u="0.000000"/>
            </vertex>
            <vertex>
                <position y="0.454439" z="-1.600005" x="1.599993"/>
                <normal y="1.000000" z="-0.000000" x="-0.000000"/>
                <texcoord v="1.000000" u="0.000000"/>
            </vertex>
            <vertex>
                <position y="0.454439" z="-1.600005" x="-1.600007"/>
                <normal y="1.000000" z="-0.000000" x="-0.000000"/>
                <texcoord v="1.000000" u="0.000000"/>
            </vertex>
            <vertex>
                <position y="0.454439" z="1.599995" x="-1.600007"/>
                <normal y="1.000000" z="-0.000000" x="-0.000000"/>
                <texcoord v="1.000000" u="0.000000"/>
            </vertex>
            <vertex>
                <position y="0.454439" z="-1.600005" x="1.599993"/>
                <normal y="-0.000000" z="-1.000000" x="0.000000"/>
                <texcoord v="1.000000" u="0.000000"/>
            </vertex>
            <vertex>
                <position y="-0.403065" z="-1.600005" x="1.599993"/>
                <normal y="-0.000000" z="-1.000000" x="0.000000"/>
                <texcoord v="1.000000" u="0.000000"/>
            </vertex>
            <vertex>
                <position y="-0.403065" z="-1.600005" x="-1.600007"/>
                <normal y="-0.000000" z="-1.000000" x="0.000000"/>
                <texcoord v="1.000000" u="0.000000"/>
            </vertex>
            <vertex>
                <position y="0.454439" z="-1.600005" x="-1.600007"/>
                <normal y="-0.000000" z="-1.000000" x="0.000000"/>
                <texcoord v="1.000000" u="0.000000"/>
            </vertex>
            <vertex>
                <position y="0.454439" z="1.599995" x="1.599992"/>
                <normal y="0.000000" z="0.000000" x="1.000000"/>
                <texcoord v="1.000000" u="0.000000"/>
            </vertex>
            <vertex>
                <position y="-0.403065" z="1.599995" x="1.599992"/>
                <normal y="0.000000" z="0.000000" x="1.000000"/>
                <texcoord v="1.000000" u="0.000000"/>
            </vertex>
            <vertex>
                <position y="-0.403065" z="-1.600005" x="1.599993"/>
                <normal y="0.000000" z="0.000000" x="1.000000"/>
                <texcoord v="1.000000" u="0.000000"/>
            </vertex>
            <vertex>
                <position y="0.454439" z="-1.600005" x="1.599993"/>
                <normal y="0.000000" z="0.000000" x="1.000000"/>
                <texcoord v="1.000000" u="0.000000"/>
            </vertex>
            <vertex>
                <position y="0.454439" z="1.599995" x="1.599992"/>
                <normal y="0.000000" z="1.000000" x="0.000000"/>
                <texcoord v="1.000000" u="0.000000"/>
            </vertex>
            <vertex>
                <position y="0.454439" z="1.599995" x="-1.600007"/>
                <normal y="0.000000" z="1.000000" x="0.000000"/>
                <texcoord v="1.000000" u="0.000000"/>
            </vertex>
            <vertex>
                <position y="-0.403065" z="1.599995" x="-1.600007"/>
                <normal y="0.000000" z="1.000000" x="0.000000"/>
                <texcoord v="1.000000" u="0.000000"/>
            </vertex>
            <vertex>
                <position y="-0.403065" z="1.599995" x="1.599992"/>
                <normal y="0.000000" z="1.000000" x="0.000000"/>
                <texcoord v="1.000000" u="0.000000"/>
            </vertex>
        </vertexbuffer>
    </sharedgeometry>
    <submeshes>
        <submesh usesharedvertices="true" operationtype="triangle_list" use32bitindexes="False" material="material_fonce">
            <faces count="402">
                <face v3="2" v1="0" v2="1"/>
                <face v3="3" v1="0" v2="2"/>
                <face v3="6" v1="4" v2="5"/>
                <face v3="7" v1="4" v2="6"/>
                <face v3="10" v1="8" v2="9"/>
                <face v3="11" v1="8" v2="10"/>
                <face v3="14" v1="12" v2="13"/>
                <face v3="15" v1="12" v2="14"/>
                <face v3="18" v1="16" v2="17"/>
                <face v3="19" v1="16" v2="18"/>
                <face v3="22" v1="20" v2="21"/>
                <face v3="23" v1="20" v2="22"/>
                <face v3="26" v1="24" v2="25"/>
                <face v3="27" v1="24" v2="26"/>
                <face v3="30" v1="28" v2="29"/>
                <face v3="31" v1="28" v2="30"/>
                <face v3="13" v1="32" v2="33"/>
                <face v3="12" v1="32" v2="13"/>
                <face v3="36" v1="34" v2="35"/>
                <face v3="37" v1="34" v2="36"/>
                <face v3="38" v1="19" v2="18"/>
                <face v3="39" v1="19" v2="38"/>
                <face v3="21" v1="39" v2="38"/>
                <face v3="20" v1="39" v2="21"/>
                <face v3="42" v1="40" v2="41"/>
                <face v3="43" v1="40" v2="42"/>
                <face v3="46" v1="44" v2="45"/>
                <face v3="47" v1="44" v2="46"/>
                <face v3="50" v1="48" v2="49"/>
                <face v3="51" v1="48" v2="50"/>
                <face v3="54" v1="52" v2="53"/>
                <face v3="55" v1="52" v2="54"/>
                <face v3="17" v1="56" v2="57"/>
                <face v3="16" v1="56" v2="17"/>
                <face v3="33" v1="58" v2="59"/>
                <face v3="32" v1="58" v2="33"/>
                <face v3="62" v1="60" v2="61"/>
                <face v3="63" v1="60" v2="62"/>
                <face v3="64" v1="63" v2="62"/>
                <face v3="65" v1="63" v2="64"/>
                <face v3="66" v1="65" v2="64"/>
                <face v3="67" v1="65" v2="66"/>
                <face v3="70" v1="68" v2="69"/>
                <face v3="71" v1="68" v2="70"/>
                <face v3="72" v1="27" v2="26"/>
                <face v3="73" v1="27" v2="72"/>
                <face v3="76" v1="74" v2="75"/>
                <face v3="77" v1="74" v2="76"/>
                <face v3="80" v1="78" v2="79"/>
                <face v3="81" v1="78" v2="80"/>
                <face v3="61" v1="73" v2="72"/>
                <face v3="60" v1="73" v2="61"/>
                <face v3="82" v1="67" v2="66"/>
                <face v3="83" v1="67" v2="82"/>
                <face v3="45" v1="84" v2="85"/>
                <face v3="44" v1="84" v2="45"/>
                <face v3="86" v1="81" v2="80"/>
                <face v3="87" v1="81" v2="86"/>
                <face v3="25" v1="83" v2="82"/>
                <face v3="24" v1="83" v2="25"/>
                <face v3="90" v1="88" v2="89"/>
                <face v3="91" v1="88" v2="90"/>
                <face v3="59" v1="31" v2="30"/>
                <face v3="58" v1="31" v2="59"/>
                <face v3="94" v1="92" v2="93"/>
                <face v3="95" v1="92" v2="94"/>
                <face v3="79" v1="91" v2="90"/>
                <face v3="78" v1="91" v2="79"/>
                <face v3="15" v1="96" v2="12"/>
                <face v3="8" v1="96" v2="15"/>
                <face v3="11" v1="96" v2="8"/>
                <face v3="28" v1="96" v2="11"/>
                <face v3="31" v1="96" v2="28"/>
                <face v3="58" v1="96" v2="31"/>
                <face v3="32" v1="96" v2="58"/>
                <face v3="12" v1="96" v2="32"/>
                <face v3="19" v1="97" v2="16"/>
                <face v3="39" v1="97" v2="19"/>
                <face v3="20" v1="97" v2="39"/>
                <face v3="23" v1="97" v2="20"/>
                <face v3="74" v1="97" v2="23"/>
                <face v3="77" v1="97" v2="74"/>
                <face v3="56" v1="97" v2="77"/>
                <face v3="16" v1="97" v2="56"/>
                <face v3="65" v1="98" v2="63"/>
                <face v3="67" v1="98" v2="65"/>
                <face v3="83" v1="98" v2="67"/>
                <face v3="24" v1="98" v2="83"/>
                <face v3="27" v1="98" v2="24"/>
                <face v3="73" v1="98" v2="27"/>
                <face v3="60" v1="98" v2="73"/>
                <face v3="63" v1="98" v2="60"/>
                <face v3="87" v1="99" v2="81"/>
                <face v3="84" v1="99" v2="87"/>
                <face v3="44" v1="99" v2="84"/>
                <face v3="47" v1="99" v2="44"/>
                <face v3="88" v1="99" v2="47"/>
                <face v3="91" v1="99" v2="88"/>
                <face v3="78" v1="99" v2="91"/>
                <face v3="81" v1="99" v2="78"/>
                <face v3="102" v1="100" v2="101"/>
                <face v3="103" v1="100" v2="102"/>
                <face v3="104" v1="7" v2="6"/>
                <face v3="105" v1="7" v2="104"/>
                <face v3="108" v1="106" v2="107"/>
                <face v3="109" v1="106" v2="108"/>
                <face v3="110" v1="109" v2="108"/>
                <face v3="111" v1="109" v2="110"/>
                <face v3="112" v1="111" v2="110"/>
                <face v3="113" v1="111" v2="112"/>
                <face v3="116" v1="114" v2="115"/>
                <face v3="117" v1="114" v2="116"/>
                <face v3="120" v1="118" v2="119"/>
                <face v3="121" v1="118" v2="120"/>
                <face v3="29" v1="11" v2="10"/>
                <face v3="28" v1="11" v2="29"/>
                <face v3="57" v1="77" v2="76"/>
                <face v3="56" v1="77" v2="57"/>
                <face v3="124" v1="122" v2="123"/>
                <face v3="125" v1="122" v2="124"/>
                <face v3="128" v1="126" v2="127"/>
                <face v3="129" v1="126" v2="128"/>
                <face v3="130" v1="129" v2="128"/>
                <face v3="131" v1="129" v2="130"/>
                <face v3="134" v1="132" v2="133"/>
                <face v3="135" v1="132" v2="134"/>
                <face v3="138" v1="136" v2="137"/>
                <face v3="139" v1="136" v2="138"/>
                <face v3="140" v1="135" v2="134"/>
                <face v3="141" v1="135" v2="140"/>
                <face v3="144" v1="142" v2="143"/>
                <face v3="145" v1="142" v2="144"/>
                <face v3="107" v1="146" v2="147"/>
                <face v3="106" v1="146" v2="107"/>
                <face v3="148" v1="113" v2="112"/>
                <face v3="149" v1="113" v2="148"/>
                <face v3="69" v1="125" v2="124"/>
                <face v3="68" v1="125" v2="69"/>
                <face v3="123" v1="95" v2="94"/>
                <face v3="122" v1="95" v2="123"/>
                <face v3="152" v1="150" v2="151"/>
                <face v3="153" v1="150" v2="152"/>
                <face v3="156" v1="154" v2="155"/>
                <face v3="157" v1="154" v2="156"/>
                <face v3="160" v1="158" v2="159"/>
                <face v3="161" v1="158" v2="160"/>
                <face v3="89" v1="47" v2="46"/>
                <face v3="88" v1="47" v2="89"/>
                <face v3="164" v1="162" v2="163"/>
                <face v3="165" v1="162" v2="164"/>
                <face v3="93" v1="161" v2="160"/>
                <face v3="92" v1="161" v2="93"/>
                <face v3="166" v1="153" v2="152"/>
                <face v3="167" v1="153" v2="166"/>
                <face v3="168" v1="167" v2="166"/>
                <face v3="169" v1="167" v2="168"/>
                <face v3="85" v1="87" v2="86"/>
                <face v3="84" v1="87" v2="85"/>
                <face v3="159" v1="71" v2="70"/>
                <face v3="158" v1="71" v2="159"/>
                <face v3="163" v1="121" v2="120"/>
                <face v3="162" v1="121" v2="163"/>
                <face v3="119" v1="169" v2="168"/>
                <face v3="118" v1="169" v2="119"/>
                <face v3="151" v1="165" v2="164"/>
                <face v3="150" v1="165" v2="151"/>
                <face v3="127" v1="141" v2="140"/>
                <face v3="126" v1="141" v2="127"/>
                <face v3="111" v1="170" v2="109"/>
                <face v3="113" v1="170" v2="111"/>
                <face v3="149" v1="170" v2="113"/>
                <face v3="142" v1="170" v2="149"/>
                <face v3="145" v1="170" v2="142"/>
                <face v3="146" v1="170" v2="145"/>
                <face v3="106" v1="170" v2="146"/>
                <face v3="109" v1="170" v2="106"/>
                <face v3="131" v1="171" v2="129"/>
                <face v3="136" v1="171" v2="131"/>
                <face v3="139" v1="171" v2="136"/>
                <face v3="132" v1="171" v2="139"/>
                <face v3="135" v1="171" v2="132"/>
                <face v3="141" v1="171" v2="135"/>
                <face v3="126" v1="171" v2="141"/>
                <face v3="129" v1="171" v2="126"/>
                <face v3="122" v1="172" v2="95"/>
                <face v3="125" v1="172" v2="122"/>
                <face v3="68" v1="172" v2="125"/>
                <face v3="71" v1="172" v2="68"/>
                <face v3="158" v1="172" v2="71"/>
                <face v3="161" v1="172" v2="158"/>
                <face v3="92" v1="172" v2="161"/>
                <face v3="95" v1="172" v2="92"/>
                <face v3="153" v1="173" v2="150"/>
                <face v3="167" v1="173" v2="153"/>
                <face v3="169" v1="173" v2="167"/>
                <face v3="118" v1="173" v2="169"/>
                <face v3="121" v1="173" v2="118"/>
                <face v3="162" v1="173" v2="121"/>
                <face v3="165" v1="173" v2="162"/>
                <face v3="150" v1="173" v2="165"/>
                <face v3="176" v1="174" v2="175"/>
                <face v3="177" v1="174" v2="176"/>
                <face v3="180" v1="178" v2="179"/>
                <face v3="181" v1="178" v2="180"/>
                <face v3="184" v1="182" v2="183"/>
                <face v3="185" v1="182" v2="184"/>
                <face v3="186" v1="185" v2="184"/>
                <face v3="187" v1="185" v2="186"/>
                <face v3="190" v1="188" v2="189"/>
                <face v3="191" v1="188" v2="190"/>
                <face v3="194" v1="192" v2="193"/>
                <face v3="195" v1="192" v2="194"/>
                <face v3="196" v1="195" v2="194"/>
                <face v3="197" v1="195" v2="196"/>
                <face v3="198" v1="197" v2="196"/>
                <face v3="199" v1="197" v2="198"/>
                <face v3="179" v1="191" v2="190"/>
                <face v3="178" v1="191" v2="179"/>
                <face v3="193" v1="187" v2="186"/>
                <face v3="192" v1="187" v2="193"/>
                <face v3="200" v1="181" v2="180"/>
                <face v3="201" v1="181" v2="200"/>
                <face v3="202" v1="201" v2="200"/>
                <face v3="203" v1="201" v2="202"/>
                <face v3="206" v1="204" v2="205"/>
                <face v3="207" v1="204" v2="206"/>
                <face v3="210" v1="208" v2="209"/>
                <face v3="211" v1="208" v2="210"/>
                <face v3="189" v1="212" v2="213"/>
                <face v3="188" v1="212" v2="189"/>
                <face v3="183" v1="214" v2="215"/>
                <face v3="182" v1="214" v2="183"/>
                <face v3="216" v1="177" v2="176"/>
                <face v3="217" v1="177" v2="216"/>
                <face v3="175" v1="218" v2="219"/>
                <face v3="174" v1="218" v2="175"/>
                <face v3="9" v1="15" v2="14"/>
                <face v3="8" v1="15" v2="9"/>
                <face v3="133" v1="139" v2="138"/>
                <face v3="132" v1="139" v2="133"/>
                <face v3="220" v1="217" v2="216"/>
                <face v3="221" v1="217" v2="220"/>
                <face v3="215" v1="199" v2="198"/>
                <face v3="214" v1="199" v2="215"/>
                <face v3="219" v1="37" v2="36"/>
                <face v3="218" v1="37" v2="219"/>
                <face v3="35" v1="222" v2="223"/>
                <face v3="34" v1="222" v2="35"/>
                <face v3="224" v1="43" v2="42"/>
                <face v3="225" v1="43" v2="224"/>
                <face v3="155" v1="225" v2="224"/>
                <face v3="154" v1="225" v2="155"/>
                <face v3="228" v1="226" v2="227"/>
                <face v3="229" v1="226" v2="228"/>
                <face v3="232" v1="230" v2="231"/>
                <face v3="233" v1="230" v2="232"/>
                <face v3="75" v1="23" v2="22"/>
                <face v3="74" v1="23" v2="75"/>
                <face v3="41" v1="211" v2="210"/>
                <face v3="40" v1="211" v2="41"/>
                <face v3="209" v1="234" v2="235"/>
                <face v3="208" v1="234" v2="209"/>
                <face v3="235" v1="157" v2="156"/>
                <face v3="234" v1="157" v2="235"/>
                <face v3="182" v1="236" v2="214"/>
                <face v3="185" v1="236" v2="182"/>
                <face v3="187" v1="236" v2="185"/>
                <face v3="192" v1="236" v2="187"/>
                <face v3="195" v1="236" v2="192"/>
                <face v3="197" v1="236" v2="195"/>
                <face v3="199" v1="236" v2="197"/>
                <face v3="214" v1="236" v2="199"/>
                <face v3="181" v1="237" v2="178"/>
                <face v3="201" v1="237" v2="181"/>
                <face v3="203" v1="237" v2="201"/>
                <face v3="238" v1="237" v2="203"/>
                <face v3="212" v1="237" v2="238"/>
                <face v3="188" v1="237" v2="212"/>
                <face v3="191" v1="237" v2="188"/>
                <face v3="178" v1="237" v2="191"/>
                <face v3="174" v1="239" v2="218"/>
                <face v3="177" v1="239" v2="174"/>
                <face v3="217" v1="239" v2="177"/>
                <face v3="221" v1="239" v2="217"/>
                <face v3="222" v1="239" v2="221"/>
                <face v3="34" v1="239" v2="222"/>
                <face v3="37" v1="239" v2="34"/>
                <face v3="218" v1="239" v2="37"/>
                <face v3="43" v1="240" v2="40"/>
                <face v3="225" v1="240" v2="43"/>
                <face v3="154" v1="240" v2="225"/>
                <face v3="157" v1="240" v2="154"/>
                <face v3="234" v1="240" v2="157"/>
                <face v3="208" v1="240" v2="234"/>
                <face v3="211" v1="240" v2="208"/>
                <face v3="40" v1="240" v2="211"/>
                <face v3="243" v1="241" v2="242"/>
                <face v3="244" v1="241" v2="243"/>
                <face v3="245" v1="203" v2="202"/>
                <face v3="238" v1="203" v2="245"/>
                <face v3="246" v1="103" v2="102"/>
                <face v3="247" v1="103" v2="246"/>
                <face v3="115" v1="247" v2="246"/>
                <face v3="114" v1="247" v2="115"/>
                <face v3="250" v1="248" v2="249"/>
                <face v3="251" v1="248" v2="250"/>
                <face v3="254" v1="252" v2="253"/>
                <face v3="255" v1="252" v2="254"/>
                <face v3="249" v1="256" v2="257"/>
                <face v3="248" v1="256" v2="249"/>
                <face v3="258" v1="207" v2="206"/>
                <face v3="259" v1="207" v2="258"/>
                <face v3="205" v1="117" v2="116"/>
                <face v3="204" v1="117" v2="205"/>
                <face v3="260" v1="251" v2="250"/>
                <face v3="261" v1="251" v2="260"/>
                <face v3="53" v1="261" v2="260"/>
                <face v3="52" v1="261" v2="53"/>
                <face v3="264" v1="262" v2="263"/>
                <face v3="265" v1="262" v2="264"/>
                <face v3="268" v1="266" v2="267"/>
                <face v3="269" v1="266" v2="268"/>
                <face v3="272" v1="270" v2="271"/>
                <face v3="273" v1="270" v2="272"/>
                <face v3="257" v1="273" v2="272"/>
                <face v3="256" v1="273" v2="257"/>
                <face v3="227" v1="51" v2="50"/>
                <face v3="226" v1="51" v2="227"/>
                <face v3="231" v1="274" v2="275"/>
                <face v3="230" v1="274" v2="231"/>
                <face v3="276" v1="269" v2="268"/>
                <face v3="277" v1="269" v2="276"/>
                <face v3="143" v1="149" v2="148"/>
                <face v3="142" v1="149" v2="143"/>
                <face v3="223" v1="221" v2="220"/>
                <face v3="222" v1="221" v2="223"/>
                <face v3="213" v1="238" v2="245"/>
                <face v3="212" v1="238" v2="213"/>
                <face v3="49" v1="278" v2="279"/>
                <face v3="48" v1="278" v2="49"/>
                <face v3="275" v1="229" v2="228"/>
                <face v3="274" v1="229" v2="275"/>
                <face v3="253" v1="265" v2="264"/>
                <face v3="252" v1="265" v2="253"/>
                <face v3="263" v1="277" v2="276"/>
                <face v3="262" v1="277" v2="263"/>
                <face v3="101" v1="259" v2="258"/>
                <face v3="100" v1="259" v2="101"/>
                <face v3="280" v1="255" v2="254"/>
                <face v3="281" v1="255" v2="280"/>
                <face v3="279" v1="233" v2="232"/>
                <face v3="278" v1="233" v2="279"/>
                <face v3="147" v1="145" v2="144"/>
                <face v3="146" v1="145" v2="147"/>
                <face v3="267" v1="281" v2="280"/>
                <face v3="266" v1="281" v2="267"/>
                <face v3="137" v1="131" v2="130"/>
                <face v3="136" v1="131" v2="137"/>
                <face v3="100" v1="282" v2="259"/>
                <face v3="103" v1="282" v2="100"/>
                <face v3="247" v1="282" v2="103"/>
                <face v3="114" v1="282" v2="247"/>
                <face v3="117" v1="282" v2="114"/>
                <face v3="204" v1="282" v2="117"/>
                <face v3="207" v1="282" v2="204"/>
                <face v3="259" v1="282" v2="207"/>
                <face v3="251" v1="283" v2="248"/>
                <face v3="261" v1="283" v2="251"/>
                <face v3="52" v1="283" v2="261"/>
                <face v3="55" v1="283" v2="52"/>
                <face v3="270" v1="283" v2="55"/>
                <face v3="273" v1="283" v2="270"/>
                <face v3="256" v1="283" v2="273"/>
                <face v3="248" v1="283" v2="256"/>
                <face v3="229" v1="284" v2="226"/>
                <face v3="274" v1="284" v2="229"/>
                <face v3="230" v1="284" v2="274"/>
                <face v3="233" v1="284" v2="230"/>
                <face v3="278" v1="284" v2="233"/>
                <face v3="48" v1="284" v2="278"/>
                <face v3="51" v1="284" v2="48"/>
                <face v3="226" v1="284" v2="51"/>
                <face v3="262" v1="285" v2="277"/>
                <face v3="265" v1="285" v2="262"/>
                <face v3="252" v1="285" v2="265"/>
                <face v3="255" v1="285" v2="252"/>
                <face v3="281" v1="285" v2="255"/>
                <face v3="266" v1="285" v2="281"/>
                <face v3="269" v1="285" v2="266"/>
                <face v3="277" v1="285" v2="269"/>
                <face v3="287" v1="5" v2="286"/>
                <face v3="6" v1="5" v2="287"/>
                <face v3="290" v1="288" v2="289"/>
                <face v3="291" v1="288" v2="290"/>
                <face v3="294" v1="292" v2="293"/>
                <face v3="295" v1="292" v2="294"/>
                <face v3="298" v1="296" v2="297"/>
                <face v3="299" v1="296" v2="298"/>
                <face v3="271" v1="55" v2="54"/>
                <face v3="270" v1="55" v2="271"/>
                <face v3="302" v1="300" v2="301"/>
                <face v3="303" v1="300" v2="302"/>
            </faces>
        </submesh>
    </submeshes>
    <submeshnames>
        <submesh name="material_fonce" index="0">
        </submesh>
    </submeshnames>
</mesh>